{"Accuracy": 80.86666870117188, "ECE": 0.04453623723238707, "Overconfidence Error": 0.0035522411790514688, "Log Loss": 1.6561650037765503, "AUROC": 0.9719325706507608, "Precision": 0.808609455315122, "Recall": 0.8123748517855702, "Brier Score": 0.7153881788253784}